[
	{"title": "<strong>Global Tags</strong>", "expanded": true, "folder": true, "children": [
		{"title": "00-00-01", "extraClasses": "yes", "children": [
			{"title": "<strong>Payloads</strong>", "extraClasses": "yes", "children": [
                                {"title": "Payload-1", "extraClasses": "yes", "children": [
				    {"title": "Module-1", "extraClasses": "yes", "children": [
					{"title": "IOV-1", "extraClasses": "answer"},
					{"title": "IOV-2", "extraClasses": "answer"},
                                        {"title": "IOV-3", "extraClasses": "answer"}
                                   ]}
				]}
			]}
		]},
                {"title": "00-00-02", "extraClasses": "answer"}
	]}
]
